"15/12/2025, 23:58:33",p
"15/12/2025, 23:58:34",e
"15/12/2025, 23:58:34",r
"15/12/2025, 23:58:34",r
"15/12/2025, 23:58:35",o
"15/12/2025, 23:58:35",space
"15/12/2025, 23:58:35",h
"15/12/2025, 23:58:35",e
"15/12/2025, 23:58:35",e
"15/12/2025, 23:58:35",r
"15/12/2025, 23:58:36",i
"15/12/2025, 23:58:39",q
"15/12/2025, 23:58:39",e
"15/12/2025, 23:58:39",space
"15/12/2025, 23:58:40",m
"15/12/2025, 23:58:40",r
"15/12/2025, 23:58:40",r
"15/12/2025, 23:58:40",u
"15/12/2025, 23:58:40",s
"15/12/2025, 23:58:41",d
"15/12/2025, 23:58:41",a
"15/12/2025, 23:58:41",s
"15/12/2025, 23:58:41",l
"15/12/2025, 23:58:41",a
"15/12/2025, 23:58:46",p
"15/12/2025, 23:58:46",e
"15/12/2025, 23:58:46",d
"15/12/2025, 23:58:46",o
"15/12/2025, 23:58:47",space
"15/12/2025, 23:58:47",h
"15/12/2025, 23:58:47",e
"15/12/2025, 23:58:47",r
"15/12/2025, 23:58:48",i
"15/12/2025, 23:58:48",q
"15/12/2025, 23:58:48",e
"15/12/2025, 23:58:48",space
"15/12/2025, 23:58:48",m
"15/12/2025, 23:58:49",r
"15/12/2025, 23:58:49",q
"15/12/2025, 23:58:49",u
"15/12/2025, 23:58:49",e
"15/12/2025, 23:58:49",space
"15/12/2025, 23:58:50",d
"15/12/2025, 23:58:50",space
"15/12/2025, 23:58:50",s
"15/12/2025, 23:58:50",i
"15/12/2025, 23:58:50",l
"15/12/2025, 23:58:51",l
"15/12/2025, 23:58:51",a
"15/12/2025, 23:58:55",l
"15/12/2025, 23:58:55",u
"15/12/2025, 23:58:56",i
"15/12/2025, 23:58:56",space
"15/12/2025, 23:58:56",g
"15/12/2025, 23:58:56",u
"15/12/2025, 23:58:57",a
"15/12/2025, 23:58:57",v
"15/12/2025, 23:58:57",o
"15/12/2025, 23:58:57",space
"15/12/2025, 23:58:57",m
"15/12/2025, 23:58:58",a
"15/12/2025, 23:58:58",q
"15/12/2025, 23:58:58",u
"15/12/2025, 23:58:58",s
"15/12/2025, 23:58:58",space
"15/12/2025, 23:58:59",d
"15/12/2025, 23:58:59",space
"15/12/2025, 23:58:59",s
"15/12/2025, 23:58:59",v
"15/12/2025, 23:58:59",v
